,delta
3568,0.0
5214,0.0
5153,-0.18232144568291275
5332,-0.3254221867595568
3249,-0.6931421805974445
4429,-0.7621392901429314
396,0.06062462108114275
3515,0.0
2610,0.0
2964,-0.15415020363825604
2592,0.0
1951,-0.1541506322082249
3948,-0.22314345131425384
1457,-0.35667485822446743
5303,-0.6931466805603215
3565,0.0
3698,0.0
2566,-0.4054617748026086
1474,-0.13353135691024676
193,-0.28768203078512045
2121,0.0
1017,0.0
557,0.11332868102129012
3545,0.0
1172,0.0
1619,-0.40546494144156675
2071,-0.22314305131533452
2998,0.0
162,-0.510825357099467
4309,0.15415065601773748
2500,0.0
3068,0.9162901318745753
3845,-0.0870113618381172
3078,0.0
1455,0.0
260,0.0
364,0.15415067744630306
1120,0.0
496,-0.1823215401272904
2531,-0.18232022347040022
2735,0.28768123912087873
1104,0.0
933,-0.22314352631421208
2966,0.0
1767,-0.1541506322082249
4300,-0.13353103548262268
3924,0.0
3012,0.0
5221,-0.22314353464754433
255,-0.18232144568291275
531,-0.22314352631421208
1749,-0.10536050454671653
1082,-0.22314330131449012
1708,0.0
395,0.0
2557,0.0
1021,0.0
5263,0.0
2276,-0.6931461805614454
3669,-0.15415020363825604
4211,0.22314330131449012
1867,-0.1823215234606277
4667,-0.10536046010230038
1850,-0.1823208901297324
3307,-0.6931468472267799
5258,0.2006706752601346
2939,0.0
2272,-0.5108242904362132
3032,0.0
5369,0.0
2917,0.6931466805603215
4726,0.0
1706,0.35667490108159505
4257,0.07696103817316668
5358,-0.1823214901273129
320,-0.5108255793215513
3502,-0.1541506322082249
4426,0.2623640336984643
1045,-0.1823214901273129
2847,-0.28768123912087873
1774,0.1823215401272904
1771,-0.4700028792469553
4046,0.22314350131422067
529,0.0
4197,0.0
4445,0.0
5223,-0.33647166519362237
736,0.0
2819,0.0
4268,-0.40546494144156675
547,0.0
568,-0.1278333660553379
244,0.5108251793219409
4559,-0.13353135691024676
4835,0.28768198911847165
3309,0.0
5441,0.6931465138939448
4618,0.06453843780434632
5456,0.7985064739975183
2603,-0.22314155133220837
1811,0.0
3131,-0.22314330131449012
3612,-0.22314345131425384
4121,11.51293546492023
3433,0.5389959054952644
39,-0.11778303496193843
5170,0.0
4132,0.40546477477510834
1887,-0.22314350131422067
4733,0.4054634414484415
5070,0.9808250863641561
567,-0.22314352631421208
4422,0.1941557623404453
4842,0.0
3582,-0.13353103548262268
4311,0.3677244382452969
4953,0.22314330131449012
4978,0.0
4380,-0.6931466805603215
1808,-0.22314352631421208
4961,-0.2876816557857218
5118,0.0
5099,0.40546399700014035
4760,0.0
2600,0.0
4970,0.0
930,0.22314354417135362
4621,0.08961213190397999
662,0.0
2066,1.098611177558233
2087,0.0
1311,-0.10536049343560805
1263,-0.47000347924578456
4791,-0.22314345131425384
2099,-0.22314338464766692
2354,-0.057158381160229865
4468,-0.18232154568284287
1085,-0.1541506322082249
4627,0.40546494144156675
1401,0.22314345131425384
4789,0.4700028792469553
1333,0.06899286910600111
679,0.2876820641184459
1221,0.0
1138,-0.20067068536114263
1492,-0.08223809598133158
554,-0.13353138905309336
1793,0.0
5329,-0.1823214901273129
5080,0.22314345131425384
3233,0.13353103548262268
4809,0.0
3563,0.0
4583,0.0
3895,0.40546469144193154
3758,-0.06899284767743552
2023,0.1823215401272904
637,0.3001045794873747
3803,0.0
4101,0.0
1581,0.0
152,-0.11332868102129012
4886,0.0
4215,-0.40545844155260724
2594,0.22314350131422067
178,0.0
3665,0.28768201689623574
2130,0.16251884126253024
5192,0.0
2951,0.22314330131449012
758,-0.09531017525887009
1,-0.13353137476738297
4854,-0.18232139012744142
5428,0.0
4952,0.18232144568291275
939,1.2039723376594722
5134,0.0
1797,-0.22314353464754433
2470,-0.133530678342634
3664,0.10536049343560805
880,-0.22314353464754433
3180,0.6286074927579435
5194,0.0
4548,0.0
2637,-0.18232022347040022
1151,0.0
2137,0.0
1064,0.0
5264,0.0
3328,2.120260602872234
4964,0.0
24,-0.18232154568284287
5407,0.0
1842,-0.1823214901273129
1591,0.0
4875,0.0
498,0.38566246198845633
2718,-0.4855073350129544
2591,0.22314305131533452
4629,0.0
2989,0.0
2660,0.0
846,-0.12516313511086707
3108,0.3566740867979572
2246,0.45675830600450773
3057,-0.22314330131449012
4444,0.0
2490,-0.2876816557857218
2132,-0.2513143647888594
3225,0.40546444144260896
4362,-0.06062454828711239
4933,0.0
1372,0.0
2325,0.0
3927,-0.2231434263142802
3143,0.5596136450866975
2497,0.6931371807099431
1573,0.35667483679590717
3312,0.0
565,-0.22314350131422067
4298,0.0
3407,0.3254221867595568
4318,-0.15415020363825604
4469,0.5108254904326923
1152,-0.33647217947836516
2898,-0.22314305131533452
2614,-0.22314338464766692
5273,-0.13353137476738297
5210,0.0
1687,0.9162905818741809
1681,1.3862936111203599
3998,0.40546507477483473
2329,0.0
617,0.0
984,-0.22314350131422067
3366,0.0
3268,0.08961213190397999
5337,0.0
3878,0.0
1668,0.0
3822,-0.22314255131870908
211,-0.28768204467400693
3420,0.43531742954757746
3374,-0.2513141108209904
4343,-0.11778275787926162
558,-0.18232155012729123
2813,-0.13353103548262268
3177,1.252755825684142
4106,-0.20763907631710943
1204,0.0
707,0.10536051010227254
1655,0.0
3679,0.0
2581,-0.4418311649832454
4071,0.0
5297,-0.13353137476738297
5082,-0.1541504417323889
1781,0.4054617748026086
3774,0.0
5021,-0.22314330131449012
4130,-0.18232139012744142
2542,-0.18232122346123347
770,-0.0896121560111176
1109,0.28768204467400693
5453,0.0
3387,-0.13353103548262268
827,-0.1823215234606277
2768,0.0
3426,-0.1823208901297324
5060,-0.4054648303305797
1878,-0.18232122346123347
2820,-0.28768190578521313
1470,0.0
1772,-0.1823215401272904
3476,-0.13353137476738297
4415,-0.1335312140533329
1783,-0.10536046010230038
2449,0.0
2290,0.0
1676,-0.10536051010227254
528,0.0
3872,0.0
2296,-0.06899284767743552
273,0.0
2680,-0.31845236748806016
3000,0.0
2454,-0.057158381160229865
4553,-0.22314345131425384
3937,0.0
5305,-0.405464274776568
1757,-0.22314352631421208
5312,-0.405464274776568
454,0.15415067506535252
4337,0.28768190578521313
103,-0.28768203078512045
77,0.0
480,0.0
5195,-0.28768204467400693
2578,-0.31845236748806016
3815,-0.1053602934360729
4041,-0.22314352631421208
536,0.08701137547447857
5314,-0.22314350131422067
4607,0.0
796,-0.33647217947836516
4509,0.28768198911847165
312,0.0
1560,0.0
2205,-0.18232144568291275
1702,0.28768198911847165
3324,-0.1053604045468326
21,0.0
4659,0.0
1357,-0.28768190578521313
5124,0.0
3704,0.0
5011,0.18232122346123347
2007,-0.1823215234606277
4929,-0.22314345131425384
3211,0.405464274776568
3399,0.0
2669,-0.22314321798137549
3162,-0.08004264357102286
4096,0.510825357099467
3496,-0.15415056077973155
3161,0.40546477477510834
4443,0.14310074107664406
2709,-0.13353103548262268
108,0.0
5247,-0.1823215234606277
1688,-0.22314350131422067
138,0.0
4567,-0.15415065601773748
3405,0.3829920401350133
5199,-0.28768198911847165
4349,0.0
2700,0.0
4632,0.5108254904326923
3136,0.5108242904362132
3004,0.18232139012744142
4956,0.0
1399,-0.36772471174926125
1653,0.20067069344194977
1283,0.10536051010227254
1967,-0.3364721223355378
4065,0.20763935035516923
5416,-0.356674515367823
1398,0.4054650414415093
5052,0.0
1982,0.28768198911847165
826,-0.33647217947836516
821,0.22314352631421208
4179,0.51082529043288
4052,0.0
4525,0.0
4223,0.0
2319,-0.4700006292652361
3709,0.0
1127,0.0
134,0.5108255570993325
3421,-0.4054634414484415
799,0.04082199285358712
3300,0.40546499699708427
2686,-0.2876804057948359
1805,0.0
2427,-0.5596147165089569
1307,0.0
5119,0.0
4050,0.9162905818741809
3436,-0.18232139012744142
1434,-0.11778300787861262
2352,0.0
1299,0.0
119,-0.06899282386793537
791,0.0
2065,-0.1823214901273129
2480,-0.1335312140533329
5233,-0.22314305131533452
1031,-0.28768198911847165
1497,0.0
450,-0.15415065601773748
1873,-0.22314345131425384
1597,-0.14310074107664406
788,0.0
1078,-0.2231435179808816
1116,-0.28768190578521313
2448,-0.18232151512729722
698,-0.18232155203205025
10,-0.18232155012729123
3166,-0.22314330131449012
4433,-0.28768151689730637
5301,0.0
1098,0.0
3655,-0.22314345131425384
2698,0.0
883,0.32542237906710625
1649,0.0
92,-0.11332864244987739
4371,0.0
4656,-0.6931461805614454
2608,0.5596155736497916
668,0.11332868102129012
4554,0.0
2828,-0.1541506322082249
2559,-0.1541506322082249
366,0.06899287053457215
269,-0.22314345131425384
398,0.0
4926,-0.22314305131533452
580,-0.06899286910600111
1693,-0.1541506322082249
3333,-0.2876804057948359
2269,-0.356674515367823
2943,-0.28768151689730637
1633,-0.10536046010230038
4228,-0.18232122346123347
4836,0.0
1713,-0.22314353464754433
4491,-0.16251892067424833
3848,0.0
5147,-0.18232144568291275
2150,-0.4054634414484415
4006,0.6931471555599451
3498,-0.2231434798856604
1076,0.6286086010890468
225,-0.5108254904326923
1234,0.2876820557851154
1141,0.0
5024,0.0
5222,-0.16251884126253024
3349,0.22314338464766692
2349,0.0
1768,0.0
3042,0.0
280,0.0
923,0.0
104,-0.28768190578521313
2424,-0.1251630645226829
2345,-0.40546444144260896
2716,0.18232022347040022
2460,0.0
4373,-0.3364721223355378
1737,0.0
4244,-0.33647109376798845
259,-0.1541506322082249
4874,0.0
5111,0.0
91,-0.223143541314208
3674,-0.22314338464766692
2506,0.0
261,0.0
4682,0.0
1134,-0.1335312140533329
3016,-0.22314255131870908
378,-0.08701137547447857
4202,0.28768123912087873
4856,0.0
532,-0.06453851905423491
5220,-0.1335312140533329
4889,0.0
3687,-0.1823215401272904
3239,0.5108242904362132
4879,0.1823214901273129
1968,0.0
2109,-0.28768190578521313
1308,0.33647217947836516
2965,0.0
3301,-0.51082529043288
2836,0.0
2340,-0.161268110362089
4085,0.40546477477510834
2262,-0.09531016162251049
2318,0.0
2211,0.40546477477510834
2713,-0.35667322966134307
4141,0.28768198911847165
5095,0.0
2496,-0.18232139012744142
293,0.18232122346123347
3970,-0.11778289676765752
267,0.1541506322082249
206,-0.11778289676765752
506,0.0
5313,-0.22314350131422067
1171,0.06899284767743552
4160,-0.1335312140533329
739,0.0
5293,-0.1823214901273129
482,0.4054650803303872
4125,-0.40546494144156675
5203,0.0
4042,-0.1823215234606277
5179,0.0
5262,0.22314350131422067
4264,0.5108254904326923
4120,0.0
323,-0.28768190578521313
2721,-0.2876809613449893
2316,0.0
1137,-0.28768203078512045
3626,0.11778302871193702
6,-0.1823215401272904
218,0.13353135691024676
3823,0.0
4829,0.0
4744,0.9162877318846547
3358,0.0
2535,0.51082529043288
1605,-0.1823215234606277
2778,0.0
4848,0.0
294,-0.10536046010230038
4271,-0.18232122346123347
4398,-0.22314330131449012
989,-0.20067068536114263
934,-0.33647217947836516
5085,0.0
1356,-0.13353135691024676
3557,-0.11778275787926162
886,-0.5877866204576776
5122,0.0
730,-0.1823215234606277
813,0.0
4821,0.0
3531,-0.18232122346123347
86,0.08701137547447857
3112,0.405464274776568
13,0.0
4081,0.0
1477,0.0
2563,-0.16251884126253024
406,-0.33647217947836516
4955,-0.2876804057948359
4570,-0.4054634414484415
4188,-0.28768190578521313
4569,0.0
5266,-0.22314338464766692
40,0.4054651025526077
3119,0.0
4721,0.0
3109,-0.35667485822446743
4718,0.0
1310,0.15415065601773748
4994,-0.1823214901273129
4226,0.0
802,0.0
5304,-0.356674515367823
5091,0.0
950,0.0
850,0.4054650664415025
1552,-0.1397618771577971
2773,0.0
2747,0.0
1700,0.28768203078512045
38,0.0
452,0.0
2508,0.28768190578521313
115,0.0
4972,0.0
3976,-0.05715841057197579
1014,0.14310083338426338
4332,-0.510825357099467
1003,-0.15415065601773748
1225,0.0
4971,-0.22314338464766692
2393,0.28768201689623574
3810,-0.1541506322082249
2336,-0.356674515367823
75,-0.16251892067424833
1418,-0.356674515367823
2612,-0.4054648303305797
4243,0.4054634414484415
4239,0.0
2213,0.0
1656,0.0
476,0.0
4752,0.0
85,-0.1278333660553379
42,-0.2876820682851111
117,0.0
1810,0.28768198911847165
4851,-0.2623640336984643
1648,-0.223143541314208
2949,-0.2876804057948359
3790,0.0
1054,-0.6931471555599451
493,0.18232154568284287
3071,-0.6931438472432774
4189,0.0
5005,0.0
3680,-0.1335312140533329
2902,1.2039723376594722
3915,0.0
4058,0.22314338464766692
180,-0.10536046010230038
2837,-0.18232022347040022
504,0.0
3714,0.0
1904,-0.10536046010230038
4689,0.0
902,-0.2876820641184459
4269,-0.3285039114165542
2308,0.0
3647,0.0
2737,1.098605622045886
1428,0.0
5138,0.0
1637,0.0
1674,-0.40546494144156675
4897,-0.22314330131449012
5128,-0.22314338464766692
3111,0.33647209376413123
4611,0.33647209376413123
937,0.0
2055,-0.22314352631421208
3684,0.28768203078512045
3400,0.0
1423,0.10536046010230038
202,0.0
4681,0.5108249571002119
4631,0.2876816557857218
1795,-0.10536051010227254
3508,-0.18232144568291275
4059,0.6931461805614454
1485,-0.09531017525887009
1348,-0.8472976699110575
3988,0.0
434,-0.14310084158939063
257,0.0
2745,-0.11778275787926162
1678,-0.09531017525887009
2309,0.5108255570993325
4608,0.0
844,-0.11778302871193702
4589,0.0
4537,-0.1823214901273129
1908,0.0
1206,-0.5596147165089569
4620,0.5596155736497916
5140,-0.18232139012744142
2955,0.22314321798137549
1013,-0.28768198911847165
2616,-0.2876787391573359
4939,0.0
5462,0.28768190578521313
3768,0.0
3677,0.0
5333,-0.22314255131870908
1205,0.0
2476,0.0
2780,0.0
1671,0.0
703,-0.07696103817316668
841,-0.11778302871193702
3015,-0.1823208901297324
5276,0.1823215234606277
3330,1.6094299124820992
2634,0.22314330131449012
3001,0.0
2234,-0.4307826468618572
2843,0.0
1119,0.0
2657,1.3862793613073876
1881,0.0
4563,-0.10536046010230038
3277,0.22314345131425384
1473,-0.47000355424574813
697,0.07410797105481848
5172,-0.18232154568284287
5267,0.0
1451,0.0
1278,0.11332868102129012
619,-0.2513143965348785
360,0.0
1264,-0.18232155012729123
3781,0.0
2180,-0.8109295217725112
744,-0.09531017525887009
4714,-0.18232144568291275
5001,0.0
3572,-0.1053604045468326
4678,-0.1541506322082249
4176,-0.1335312140533329
2623,-0.2876804057948359
477,0.13353138905309336
5211,0.5108255570993325
3190,0.2876804057948359
1239,0.0
2313,-0.08004264357102286
552,0.09531017525887009
2277,-0.18232144568291275
1576,0.0
2873,-0.1335312140533329
4447,-0.16705380494335564
5268,-0.18232139012744142
3645,0.0
352,0.0
3734,-0.22314338464766692
3213,-0.6931371807099431
1132,-0.11778300787861262
2529,-0.18232122346123347
2886,-0.22314255131870908
2001,-0.2513141108209904
1254,0.0
1367,0.20067065505811854
1531,0.13353137476738297
2256,-0.8754640707136776
2175,0.0
3116,0.4700028792469553
2206,-0.31015480709176657
3489,0.51082529043288
1998,-0.28768173911883643
892,-0.33647217947836516
1380,-0.18232144568291275
20,0.0
2811,0.0
2322,0.0
3744,0.09531013434980018
3350,2.302573093082044
1790,0.0
3457,-0.04255961260720298
4884,-0.18232139012744142
3466,0.0
2147,0.0
116,0.0
3923,0.0
1960,-0.15415065601773748
4095,0.510825357099467
2179,0.6286083677558469
2281,-0.22314345131425384
4310,-0.28768190578521313
3031,-0.4054617748026086
427,-0.16989903100835946
4074,0.40546494144156675
2549,-0.08223807568058739
5216,-0.33647166519362237
2000,0.2513143647888594
2767,-0.28768190578521313
3668,0.0
901,1.3862939861200072
1402,-0.10536049343560805
4241,-0.40546477477510834
4888,0.4700028792469553
3290,0.0
3334,0.0
4748,0.0
4326,-0.13353103548262268
2456,-0.40545844155260724
3133,-0.15415020363825604
961,-0.22314353464754433
5029,0.28768123912087873
34,-0.13353137476738297
3287,-0.22314305131533452
540,0.0
3173,0.0
4950,0.0
4561,0.22314305131533452
4018,0.2513143965348785
634,0.0
781,0.0
3054,0.0
2392,-0.22314330131449012
4327,0.0
4076,0.0
4210,-0.13353103548262268
1416,-0.28768203078512045
4060,-0.1823214901273129
2627,0.0
4379,-0.5108242904362132
1615,-0.24512244595569044
4174,0.5108251793219409
5439,0.0
1262,0.22314354417135362
2279,0.6286080760895985
2027,0.0
2599,-0.4700028792469553
2800,-0.22314330131449012
1855,0.0
777,-0.6931451805659457
1208,0.0
321,0.6931470805599602
5410,-0.356674515367823
3019,0.0
1829,-0.18232122346123347
212,0.0
2089,-0.1823214901273129
1102,-0.2513143647888594
1257,-0.33647217947836516
2285,0.0
375,-0.07410797160427052
5127,-0.10536049343560805
2471,-0.1335312140533329
4464,0.0
2702,-0.33647166519362237
2595,-0.2876804057948359
4936,0.0
4408,0.0
4558,0.0
5443,-0.09531013434980018
1184,0.0
3685,-0.1823215234606277
3253,0.5877862204580211
1691,-0.1823208901297324
517,0.18232154568284287
4137,0.0
990,-0.22314350131422067
2703,0.0953099979864902
1852,-0.1823208901297324
3163,0.33647166519362237
1738,-0.18232154568284287
207,0.0
299,-0.11778289676765752
3818,0.0870113618381172
2688,-0.18232022347040022
187,-0.11778302176749555
4100,0.0
3965,0.0
4666,0.0
1527,0.0
3993,-0.22314338464766692
2365,0.1397618771577971
5282,-0.15415065601773748
1178,0.0
2320,0.10536046010230038
5231,0.1823215234606277
597,-0.22314352631421208
329,0.0
968,1.3862940611199654
3826,-0.1541506322082249
2502,0.1823208901297324
2341,-0.09531013434980018
1302,1.8325807637486484
5213,-0.1823208901297324
1481,-0.35667490108159505
5094,0.0
3747,-0.1053604045468326
2359,0.160342585662967
4992,-0.18232139012744142
665,-0.5108242904362132
1981,0.19671028648208022
3938,-0.11332864244987739
4156,0.0
4814,-0.22314338464766692
5068,-0.28768123912087873
18,0.0
2655,0.28768190578521313
405,0.08701137547447857
4190,-0.22314305131533452
4232,0.28768123912087873
4516,0.0
4459,-0.22314345131425384
3911,0.0
3169,1.3862843612032218
4285,0.0
2293,-0.18232139012744142
2203,0.0
4505,-0.13353103548262268
4053,0.510825357099467
242,0.0
1191,0.0
1969,-0.16705407067715328
2990,-0.28768190578521313
4316,0.30228071842032733
384,0.11332868102129012
3035,0.0
1837,0.10536046010230038
2706,0.0
3073,0.0
4793,-0.22314305131533452
392,0.0
666,0.1278333660553379
1823,-0.22314352631421208
2679,1.163148059812901
3342,0.28768190578521313
189,-0.4054650803303872
2645,0.40546477477510834
1914,0.15415065601773748
2255,-0.6931461805614454
5324,-0.11778300787861262
5396,0.0
1363,-0.06453851280423883
155,-0.20067068536114263
5429,-0.22314338464766692
4439,0.0
2254,0.0645385003042449
3280,0.0
1815,-0.10536049343560805
749,-0.13353137476738297
4591,0.0
606,0.0
3834,0.1823215401272904
5357,-0.13353103548262268
5340,-0.3364721223355378
4899,0.1541497274522019
832,0.0
433,0.10536051510227296
3787,0.0
1996,-0.2876816557857218
3362,0.1251630645226829
2128,-0.28768190578521313
1108,0.6931461805614454
4617,-0.28768198911847165
2808,-0.26236380292984585
562,0.0
2009,0.0
3218,10.819798284210286
2739,0.0
5427,-0.10536007121525692
3701,0.0
3159,0.0
2740,-0.33647109376798845
5422,0.0
1888,0.4700028792469553
1745,-0.1823215401272904
1288,0.22314353881420956
1118,0.0
1072,0.33647217947836516
3217,0.0
2469,0.0
4866,0.0
3821,-0.1541504417323889
3829,0.0
492,0.0
1460,-0.1541506322082249
3884,-0.18232139012744142
904,0.7339691317468677
3873,0.22314330131449012
1574,0.0
900,-0.22314353464754433
5406,0.0
2806,0.0
2237,-0.4054617748026086
2260,0.0
2807,-0.24116166720713217
1035,-0.47000355424574813
5434,0.0
2741,0.0
539,-0.1823215234606277
3973,0.0
2389,0.9162901318745753
3482,0.14310074107664406
5354,0.0
1479,0.0
1654,0.20067069344194977
3518,-0.18232139012744142
275,0.0
5373,-0.33647109376798845
4711,0.0
4585,0.0
4665,0.0
2661,1.3862868611667647
4153,2.3025760930435446
4698,0.1541504417323889
4531,0.0
5188,-0.22314350131422067
2901,0.1823214901273129
2199,0.0
3104,-0.28768173911883643
3713,-0.24116166720713217
2626,-0.06453843780434632
1930,0.0
423,0.11778303287860581
3378,-0.06899277624898659
3852,0.0
1110,-0.1823214901273129
1030,0.28768198911847165
1320,0.223143541314208
5454,0.0
137,-0.2231435179808816
960,-0.06899286910600111
3126,-0.28768123912087873
4056,0.6931468472267799
3990,1.0116008321330323
535,0.16705408186596316
1449,0.0
4724,0.0
1747,0.5108255904326597
3851,-0.14310074107664406
4781,0.0
2420,0.4054648303305797
726,0.0
1125,-0.15415065601773748
27,0.0
4068,0.0
1233,0.40546502477484836
1061,0.33647217947836516
4064,0.33647166519362237
4489,-0.18232122346123347
1947,-0.22314350131422067
421,-0.13353138905309336
3966,0.0
2047,-0.33647195090717297
2597,0.3254221867595568
1378,0.40546494144156675
1331,0.0
916,0.0
3750,0.0
1722,-0.40546477477510834
431,0.10536051343560615
1009,0.0
2453,2.2335803168330575
2391,0.22314350131422067
909,0.0
1675,0.24116204707662803
4405,0.0
232,0.0
120,0.0
3783,0.18232122346123347
507,0.0
2891,0.11778275787926162
417,-0.20067068536114263
2589,-0.4054617748026086
591,0.18232155012729123
2196,0.9162877318846547
4638,0.0
1735,0.5108255970993234
1669,-0.223143541314208
1317,0.3483066697584114
5405,-0.405464274776568
2195,-0.18232122346123347
1240,0.22314354631421196
1628,0.3364721223355378
4693,0.0
380,0.09531017525887009
5323,-0.10536049343560805
5400,0.22314338464766692
1730,-0.5108254904326923
4825,-0.13353137476738297
3632,0.0
3643,0.0
1934,-0.13353135691024676
4387,-0.08701122547474327
2967,0.0
3294,-0.51082529043288
3716,-0.33647166519362237
870,-0.1823215545717325
4322,0.0
1256,-0.24116204707662803
2827,0.0
3106,0.7621392901429314
4428,11.225256725762893
3081,0.0
5006,-0.2876804057948359
2494,-0.5108202904895442
1036,-0.22314350131422067
975,0.3364722080497877
4801,0.0
4105,0.6931466805603215
5300,-0.287681794674274
2176,0.40546477477510834
5287,0.0
3059,0.22314305131533452
2848,0.0
3721,0.0
2631,0.0
156,-0.9162901318745753
2474,0.4054634414484415
3417,0.6359882438446238
1015,0.0
413,-0.06899287053457215
5450,0.40546477477510834
3452,-0.22314353464754433
2963,-0.28768123912087873
4930,-0.22314330131449012
3723,-0.28768203078512045
1273,0.0
4506,0.1823214901273129
1111,0.2578290959331184
3289,0.0
4238,0.6931446805693202
2311,-14.731801689838349
3152,-0.18232144568291275
3690,-0.11332864244987739
4229,-0.6931421805974445
5444,0.0
3103,0.0
5290,0.5108254904326923
1523,0.5596156807925858
1006,0.0
5202,-0.10536051010227254
2292,0.0
759,0.22314353464754433
1646,-0.09531017798614272
2085,0.0
3847,-0.33647166519362237
1664,-0.13353138905309336
331,-0.1541506322082249
3396,0.0
2814,-0.356674515367823
579,-0.223143541314208
1689,0.35667490108159505
5093,0.22314330131449012
1077,0.0
2833,0.6931461805614454
3624,-0.10536046010230038
3791,-0.13353137476738297
3074,0.51082529043288
5173,0.0
5286,-0.22314338464766692
804,0.0
997,0.0
4402,-0.22314330131449012
526,0.0
1913,0.15415065601773748
3232,0.0
481,-0.22314350131422067
680,-0.13353138905309336
318,-0.40546494144156675
1524,0.48550771962787387
5090,0.8266753589119542
1572,-0.28768203078512045
620,-0.47000355424574813
5374,0.0
4009,-0.20067059445210056
3437,0.26236380292984585
5345,0.0
1517,-0.09531016162251049
905,-0.5108255793215513
3835,0.0
2638,-0.18232022347040022
709,-0.26236424139057135
4289,-0.26570306428376966
3354,0.40546469144193154
5420,-0.356674515367823
3571,0.6286080760895985
5239,-0.22314305131533452
7,0.0
4784,-0.15415065601773748
5114,-0.22314330131449012
3076,0.0
4404,0.0
595,-0.1278333660553379
3959,0.0
3596,-0.22314330131449012
3982,0.10536051343560615
220,-0.10536046010230038
5204,-0.22314330131449012
3314,-0.1823208901297324
2247,0.0
2635,0.0
4277,0.0
4432,0.0
31,-0.18232154568284287
5436,0.40546477477510834
2136,0.0
1701,0.0
5032,0.28768123912087873
3014,-0.28768123912087873
5200,0.0
112,0.5108255904326597
3403,0.0
5191,0.0
1383,0.0
5438,0.0
1005,-0.40546494144156675
2931,0.0
5265,-0.22314350131422067
3501,-0.33647166519362237
2621,-0.15415020363825604
4859,0.0
4805,0.0
1636,0.0
3762,0.22314330131449012
1494,0.0
3894,-0.18232139012744142
5008,0.0
4292,0.08338157415645675
4360,0.47000312924627785
2509,-0.11778248010345216
2265,-0.1053604045468326
2257,0.0
2003,-0.28768198911847165
3170,0.0
1587,0.0
4119,0.22314345131425384
2050,-0.18232144568291275
3335,0.7537704788494022
2105,0.4054617748026086
4807,0.6931371807099431
4359,-0.3254221867595568
1978,-0.1541506322082249
1577,0.15415066792249732
2770,-0.22314338464766692
361,0.0
4062,0.9808284196791579
3649,0.0
4019,0.08004270126328095
4911,0.2876816557857218
114,0.0
4919,0.5108254015438671
3737,0.0
3511,0.4054645525533793
1053,0.0
140,0.35667485822446743
2190,0.0
5392,0.0
4907,0.22314338464766692
4481,0.0
2756,-0.22314330131449012
5016,-0.1541506322082249
2693,0.0
981,-0.5596155736497916
2146,0.0
1010,-0.3364721223355378
1375,-0.13353137476738297
2532,0.8873023546656142
143,-0.4054634414484415
1052,0.0
3605,0.11332864244987739
603,0.0
5232,-0.22314350131422067
5146,0.0
4246,-0.1541506322082249
1165,0.1823215234606277
836,0.0
1140,-0.6931469805600052
2911,-0.22314330131449012
1965,0.0
4370,0.0
741,0.0
2144,0.0
3263,0.0
2869,0.0
4882,0.18232139012744142
917,0.0
3736,0.0
2606,0.0
1466,0.1823215234606277
3653,0.06899284767743552
659,-0.2513143965348785
3006,0.4054645525533793
4997,1.6739656003241006
60,-0.06899282386793537
2043,-0.3364721223355378
2405,0.2006702914225631
3416,0.36772409636591874
1147,-0.15415066792249732
4967,-0.11778300787861262
508,0.0
715,-0.24116204707662803
3675,0.0
4592,-0.22314345131425384
3384,-0.1823208901297324
524,-0.0896121560111176
237,-0.10536046010230038
3527,0.057158381160229865
5189,-0.18232144568291275
4593,-0.22314345131425384
3377,0.0
1287,0.0
929,-0.22314350131422067
5307,-0.22314345131425384
1983,0.0
717,-0.11332868102129012
2867,-0.4855073350129544
2174,-0.2876804057948359
3560,-0.06899284767743552
678,-0.13353137476738297
737,0.11778302176749555
745,-0.13353138369595285
3748,0.0
2041,0.11778302176749555
59,0.5108254904326923
4732,0.0
2501,-0.18232122346123347
2081,0.0
2414,-0.2047943284709639
2346,-0.16989897892504757
4212,0.6931466805603215
4740,-0.06899284767743552
4497,0.51082529043288
1414,0.2513144124078899
2327,-0.4054617748026086
2583,0.16251884126253024
5035,0.28768190578521313
575,-0.1823215234606277
2209,-0.28768123912087873
3694,-0.08338157415645675
4126,0.22314350131422067
3390,0.2876816557857218
363,-0.11778303287860581
5235,0.5108254904326923
256,-13.815511557963774
4819,-0.22314330131449012
2160,0.0
1430,0.5108254904326923
4396,0.0
3444,0.510822957113545
2335,-0.356674515367823
5310,0.0
2441,0.0
1475,0.0
1592,-0.28768190578521313
3562,0.0
2356,0.0
2854,0.0
4852,0.22314255131870908
25,0.0
4140,0.0
4381,0.16251875302737773
572,0.1823215401272904
1986,-0.35667485822446743
1395,-0.16705407067715328
1690,-0.28768198911847165
3041,0.0
4240,0.0
713,-0.40546499699708427
1798,0.0
4948,-0.22314338464766692
4386,-0.22314330131449012
2615,0.33647166519362237
640,-0.22314345131425384
2954,0.0
2738,-0.2876787391573359
2539,0.1053604045468326
4117,0.8472974794350048
4987,0.0
4804,-0.1823208901297324
1369,0.0
1521,-0.5596147165089569
141,-0.11778289676765752
1324,0.0
948,0.0
209,-0.22314345131425384
1602,-0.20067065505811854
4544,-0.18232154568284287
1506,0.8873030269337097
5018,0.0
1347,-0.35667490108159505
4565,-0.18232144568291275
3804,-0.28768123912087873
5002,0.22314338464766692
5034,0.0
2734,-0.22314305131533452
5320,-0.16251884126253024
4047,0.810929938438651
327,-0.5108254904326923
3171,0.0
1642,0.0
3529,0.40546502477484836
1987,0.0
4147,0.5596147165089569
48,0.1823215401272904
1785,0.0
2017,-0.09531014950130334
5277,-0.10536049343560805
772,0.0
1143,0.223143541314208
87,-0.13353138905309336
2499,-0.16251884126253024
3986,0.0
2464,-0.37469231308126005
564,-0.28768203078512045
368,0.0
920,0.0
4687,0.0
3952,0.0
4413,-0.28768123912087873
671,-0.11332868102129012
2489,-0.4054648303305797
2816,-0.22314305131533452
2306,-0.18232139012744142
5432,-0.405464274776568
3262,0.69314701389332
2245,0.0
374,-0.09531017525887009
954,-0.22314345131425384
1604,0.0
1939,-0.1541504417323889
3615,-0.13353137476738297
5045,0.0
638,-0.10536051010227254
2217,-0.1541504417323889
222,0.0
3949,0.1541506322082249
1529,-0.28768190578521313
1452,-0.1823215401272904
3205,-0.44183195862969527
1589,-0.14660345983780942
3379,0.1053602934360729
1725,0.223143541314208
1008,0.0
3581,0.0
2372,-0.405464274776568
3913,-0.1053604045468326
2533,-0.10536007121525692
4039,0.40546502477484836
3099,-0.4054617748026086
3003,0.0
1464,0.0
2844,-0.28768198911847165
3435,0.18232139012744142
5269,0.4054634414484415
4876,0.10536046010230038
1396,0.22314352631421208
3236,-0.1823208901297324
647,0.0
3424,-0.22314305131533452
2014,-0.1823215234606277
2096,-0.1541506322082249
2291,0.0
1603,-0.1541506322082249
1875,0.0
3770,0.0
3902,-0.12783331696445366
1336,0.0
2624,-0.4700006292652361
300,-0.13353135691024676
3671,-0.09531017525887009
1012,0.0
4321,-0.07410786226377652
2757,0.6931455138974467
2540,-0.5877862204580211
2379,-0.2513137933618843
1940,0.0
2720,0.0
1694,0.0
2667,0.356674515367823
1146,0.0
3553,0.0
4850,0.08004269485302551
974,0.31015491618262914
1899,0.0
2337,0.0
4151,0.0
4522,0.0
2315,0.0
171,-0.40546507477483473
1565,-0.6931421805974445
4037,0.0
695,-0.09531017798614272
2399,0.0
2220,0.0
3281,0.0
3606,0.0
4756,0.2876787391573359
2106,0.40546477477510834
3470,0.1823215234606277
4927,0.0
5078,0.0
1985,-0.09531017071341807
3411,0.6931457519915796
345,-0.1053604045468326
1276,0.11778302871193702
3271,-0.510825357099467
4636,0.0
3449,-0.22314350131422067
4442,0.16705380494335564
2835,0.0
5160,0.0
2104,0.0
1216,-0.11778300787861262
3981,0.0
3941,0.0
4492,0.0
1868,-0.22314345131425384
3005,0.0
2058,-0.22314338464766692
4603,-0.13353135691024676
2785,0.0
594,0.0
808,-0.1541506322082249
976,0.0
436,-0.1823215234606277
571,0.0
1686,-0.06899286910600111
1384,-0.10536046010230038
4937,0.0
1092,0.40546494144156675
2879,-0.22314255131870908
3719,-0.22314350131422067
4941,0.0
5155,0.0
176,0.0
3711,0.0
1821,0.0
3957,-0.06453847947093294
3473,0.5978367962102382
1896,0.0
3084,-0.14310074107664406
2575,-0.2006702914225631
1836,0.15415065601773748
5166,-0.22314350131422067
2979,0.22314255131870908
2243,-0.40546477477510834
1629,0.22314305131533452
5246,0.0
2775,0.0
464,-0.2513143965348785
2862,-0.15415020363825604
3889,-0.15415056077973155
1195,0.223143541314208
5117,-0.28768123912087873
2445,0.0
985,0.38566246198845633
1594,-0.22314352631421208
2310,-0.10536046010230038
774,-0.22314352631421208
3380,0.0
3994,-0.11332868102129012
2385,-0.22314350131422067
5389,-0.287681794674274
1139,0.28768190578521313
3201,0.5108242904362132
2697,0.287681794674274
337,0.0
5465,0.5108251793219409
1000,-0.19415598923087707
3486,0.0
2224,0.0
1314,-0.2623642183136532
1814,-0.1823214901273129
3368,0.40546477477510834
4201,0.0
35,0.0
1618,-0.47000347924578456
4393,-0.18232144568291275
50,0.0
2116,-0.40546477477510834
353,-0.28768190578521313
1707,-0.18232139012744142
3920,-0.18232144568291275
3298,-0.22314338464766692
2717,0.0
4409,-0.2876804057948359
2758,-0.22314305131533452
556,-0.15415067506535252
5217,0.10536050454671653
4584,0.0
2201,-0.287681794674274
4594,0.6931421805974445
1246,-0.35667485822446743
2068,0.0
4098,0.6286080760895985
1698,0.0
4701,-0.22314338464766692
446,-0.40546444144260896
1644,-0.18232154568284287
3265,0.28768190578521313
4103,-0.18232122346123347
632,0.0
5180,0.22314352631421208
4057,0.6931461805614454
1799,0.9162901318745753
4999,0.0
3985,0.0
5069,-0.18232144568291275
3227,0.6931438472432774
4286,-0.1823208901297324
2630,0.0
2286,-0.33647109376798845
1697,-0.40546502477484836
1024,-0.1823215234606277
3550,1.1394334331890654
1243,-15.424948670398354
3172,-0.6931371807099431
4303,0.3364721223355378
2363,-0.6931371807099431
3536,0.28768201689623574
1938,0.2513142695508481
5311,0.0
4841,-0.22314305131533452
3599,0.0
510,0.18232154568284287
1984,-0.28768198911847165
4281,0.11778289676765752
1408,0.0
2705,-0.31845236748806016
2691,-0.31845236748806016
365,-0.2363887710466841
3037,0.43078237763159954
1818,-0.22314353464754433
2824,0.0
3666,-0.13353135691024676
2485,0.40546477477510834
3629,0.28768203078512045
317,-0.06899284767743552
1588,0.0
757,-0.18232154568284287
3699,0.0
1051,0.0
604,-0.15415067744630306
1824,-0.22314353464754433
4922,0.0
2046,0.12783331696445366
2560,-0.18232139012744142
3887,0.0
5325,-0.33647195090717297
627,0.0
165,-0.1823214901273129
2149,-0.11778289676765752
3534,0.0
2872,-0.33647166519362237
1559,0.0
1156,-0.28768204467400693
5154,-0.18232144568291275
1651,-0.223143541314208
5414,0.0
2334,-0.11332864244987739
3321,0.6931469805600052
4350,-0.22314305131533452
5451,-0.22314255131870908
2777,0.0
435,0.11332868102129012
3125,0.0
5368,-0.33647109376798845
4794,-0.2876816557857218
1555,-0.33647195090717297
2200,0.0
3320,0.40546477477510834
278,0.1823215345717344
2360,0.08961213190397999
3805,-0.2876804057948359
2231,0.9808288363452515
4857,-0.22314345131425384
1058,0.47000347924578456
4637,0.0
1093,-0.5596155736497916
4276,0.0
5131,0.0
2992,0.0
1404,-0.22314345131425384
4523,0.0
931,0.31015491618262914
4796,0.0
1528,0.08701136941387233
3418,-0.40546444144260896
2032,-0.28768123912087873
2935,0.22314255131870908
473,0.223143541314208
76,-0.1541506322082249
110,0.0
3299,0.0
1582,1.0498219387844276
2923,-0.18232122346123347
965,0.0
3738,-0.28768123912087873
3269,-0.22314345131425384
2298,0.0
2161,0.0
1709,0.33647217947836516
5259,0.0
2156,0.0
2909,-0.1823208901297324
2795,0.0
1903,-0.13353135691024676
1917,0.0
1154,-0.4054650414415093
1435,-0.4462869901284474
2613,0.8109295217725112
4651,0.4054617748026086
3123,-0.46430543929999146
1149,0.15415065601773748
3487,0.69314701389332
358,0.11778303426749659
1405,0.28768204467400693
869,-0.1278333660553379
1298,-0.3829922310439855
2919,0.0
4394,0.06453843780434632
66,-0.44183271259650425
4737,0.6286080760895985
4135,0.2876816557857218
1989,0.0
3946,-0.18232122346123347
4757,0.22314350131422067
1213,0.0
1542,-0.13353135691024676
1190,0.0
4904,0.0
1543,1.0986116220018882
610,-0.09531017798614272
854,-0.22314354506421097
424,-0.5108255570993325
3369,0.6931459305622898
166,-0.40546509977483325
2479,-0.18232122346123347
1922,0.0
3763,-0.22314330131449012
3833,0.1335312140533329
2728,10.819798284210286
3789,0.0
5238,-0.1541504417323889
4946,0.0
4435,-0.356674515367823
2408,0.0
3793,-0.22314352631421208
4284,-0.1397618771577971
3510,-0.06899284767743552
2511,0.0
771,-0.18232155012729123
2155,0.40546477477510834
4641,0.0
2273,-0.10536049343560805
1304,-0.9162887318788222
4233,0.0
483,-0.1823215401272904
4743,2.3025760930435446
3883,-0.14310074107664406
639,0.0
126,0.0
673,0.2513144219316992
2577,-0.1823208901297324
2832,-0.2513141108209904
3179,-0.1823208901297324
596,-0.15415067506535252
5362,0.0
3620,-0.22314352631421208
5136,0.13353103548262268
1326,0.0
938,0.28768206689622744
5457,-0.4054617748026086
2120,0.1823214901273129
1721,0.35667490108159505
3465,-0.06899286196314414
3373,0.0
3345,-0.14310074107664406
5063,-0.18232122346123347
3910,-0.2876787391573359
2970,0.13353103548262268
2870,-0.28768190578521313
98,0.0
1518,-0.28768190578521313
5236,-0.1541506322082249
2722,-0.200669887384608
4938,0.0
5041,0.0
516,0.0
3338,0.0
1489,-0.35667485822446743
868,0.26236426215979947
148,-0.28768190578521313
1907,0.0
878,-0.223143541314208
2459,0.0
4364,-0.18232122346123347
349,0.0
1241,0.2876820557851154
4225,0.18232139012744142
2788,-0.287681794674274
4860,0.0
2590,0.18232122346123347
4818,0.0
3633,0.22314330131449012
348,-0.40546502477484836
2326,-0.22314352631421208
688,-0.0645385203042359
5461,0.0
708,-0.16705407067715328
2786,0.0
3863,0.0
463,0.0
2015,0.12783331696445366
5141,0.0
3542,0.8754686206872506
714,-0.28768173911883643
618,0.0
3866,-0.22314338464766692
5353,-0.28768198911847165
4965,1.3862868611667647
2799,0.9808284196791579
1042,-0.6061357278127506
1827,0.6931421805974445
1364,0.0
3575,0.0
1088,1.609435245772767
2370,-0.11332864244987739
1177,0.0
4827,0.0
4094,0.6931371807099431
3391,-0.18232122346123347
2825,-0.22314345131425384
4363,0.0
4414,0.0
601,0.06899287053457215
3577,0.0
2280,-0.22314330131449012
1791,0.28768204467400693
4602,-0.22314330131449012
1091,0.10536049343560805
2452,-0.06453835447133471
356,-0.13353138905309336
2830,-0.22314321798137549
4880,0.0
3812,0.0
362,0.22314354631421196
2765,-0.28768190578521313
3178,0.0
4909,-0.18232122346123347
728,0.0
5322,-0.28768190578521313
1673,0.0
2012,-0.22314305131533452
3191,0.5596147165089569
2953,0.28768123912087873
3991,-0.1823214901273129
5363,0.0
1563,0.22314350131422067
2528,1.1394334331890654
629,0.0
628,-0.1541506786367819
3912,0.0
2113,0.6931451805659457
2390,0.0
243,0.0
4910,0.40546494144156675
1804,-0.22314353464754433
4448,0.17185005955846577
4048,0.0
4245,0.33647217947836516
4158,0.0
3352,-0.2876804057948359
3693,0.0
5348,-0.1823215401272904
4313,0.4054645525533793
3590,-0.2876787391573359
890,0.0
5284,-0.1823215234606277
4219,0.0
357,-0.13353137476738297
4198,-0.6931421805974445
2752,0.40546477477510834
1590,-0.3364721223355378
4166,0.6286080760895985
475,-0.15415067506535252
1819,-0.22314350131422067
1170,0.1053604045468326
888,-0.22314353464754433
5385,-0.22314330131449012
3246,-0.5596115022548105
3807,0.0
1825,0.0
4020,-0.1823215401272904
4026,0.0
2518,0.26570306428376966
963,0.223143541314208
4890,0.0
570,0.0
2091,-0.356674515367823
4634,0.13353135691024676
686,0.0
45,0.10536051510227296
4664,-0.18232122346123347
4974,-0.18232144568291275
3219,0.2006702914225631
2731,0.0
2579,-0.11332864244987739
2030,0.5108249571002119
3697,-0.12783331696445366
1515,-0.06899284767743552
3708,0.10536050454671653
3398,-0.6931371807099431
4080,0.28768190578521313
3594,0.0
1508,-0.15415065601773748
3346,0.0
2569,-0.22314305131533452
3604,-0.08961213190397999
4991,0.0
3640,0.0
1167,0.0
2417,0.0
895,0.0
5424,-0.28768123912087873
1704,-0.22314345131425384
4704,0.0
3410,0.16251884126253024
2567,0.6931371807099431
3049,0.1541504417323889
5341,0.0
3083,0.0
3788,-0.13353137476738297
3855,0.1823215401272904
3996,-0.2006706752601346
2185,0.5596155736497916
4,0.18232155012729123
4557,0.8472940508815334
127,-0.28768198911847165
2930,0.18232122346123347
1189,0.0
4061,0.510825357099467
2266,-0.09531016162251049
1856,0.47000347924578456
83,-0.1278333660553379
4401,0.0
4430,-0.3677244382452969
613,-0.18232154568284287
459,0.0
440,0.0
487,-0.14310074107664406
1522,-0.0606246144634941
5380,0.0
660,-0.22314350131422067
264,0.0
3720,0.0
2781,0.40546477477510834
5218,-0.10536049343560805
4774,-0.28768123912087873
523,-0.10536050454671653
3202,-0.26236380292984585
4844,0.4700006292652361
1469,0.0
1135,0.3364721223355378
1851,0.9808288363452515
5116,0.0
194,0.0
1789,0.2513143965348785
1995,0.0
2690,0.18232144568291275
3113,0.0
3663,0.5596156807925858
4550,0.9808209197547804
5,-0.33647222519264375
5309,-0.1823215234606277
1352,-0.6931468472267799
129,0.0
1016,-0.3483066697584114
2683,0.28768151689730637
778,-0.0833816054607901
2960,0.356674515367823
2889,-0.33647109376798845
4143,0.7985070851071541
1124,0.8754686206872506
1534,-0.2231434263142802
3480,-0.13353135691024676
5145,0.0
2063,1.386291361127391
1293,0.0
4742,-0.22314338464766692
123,0.40546507477483473
2849,1.0986109553365537
3778,-0.10536046010230038
2042,0.0
2037,-0.33647109376798845
1635,-0.1053604045468326
131,-0.40546502477484836
3995,0.0
3432,0.6286080760895985
2302,0.0
4392,0.28768190578521313
420,0.08223809598133158
3248,0.28768190578521313
4702,0.0
3819,-0.08004269485302551
2609,0.0
161,-0.51082529043288
1041,0.0
2270,-0.2513143965348785
1218,0.0
3430,-0.11778275787926162
489,0.0
924,0.0
4885,0.0
2299,-0.18232022347040022
3013,-0.15415020363825604
3676,-0.06899284767743552
2172,0.0
3532,1.0498219387844276
1441,-0.10536046010230038
4165,0.28768190578521313
4762,-0.1823214901273129
1541,-0.15415065601773748
3658,0.0
701,-0.22314338464766692
5397,-0.40546477477510834
2375,0.13353135691024676
2,-0.1053604045468326
2381,-0.40546444144260896
3267,0.5260930644282489
2351,-0.06453835447133471
648,-0.15415066792249732
3811,0.22314330131449012
1734,-0.22314345131425384
1626,-0.28768198911847165
4839,0.0
3559,0.33647217947836516
3722,0.18232154568284287
1312,-0.3364722223354981
3839,-0.08223807568058739
4012,-0.1823214901273129
3867,0.0
81,-0.06453851697090585
980,0.0
154,-0.2876820641184459
4358,-0.15415020363825604
1291,-0.3001045794873747
4000,0.1823215401272904
785,-0.22314353464754433
128,0.0
2596,-0.133530678342634
3415,0.0
1026,0.0
2940,-0.6931271811599267
940,0.11778303287860581
271,0.0
1923,-0.1823214901273129
5317,-0.22314350131422067
4291,0.1823215234606277
67,-0.22314353464754433
3118,0.40546477477510834
3917,-0.22314330131449012
1547,0.0
1625,0.0
2253,0.6931469305600384
310,0.0
3097,0.0
4458,0.0
2927,-0.2876804057948359
946,0.5108255570993325
1096,-0.15415065601773748
4144,-0.40546494144156675
2541,-0.22314330131449012
5334,0.11778302176749555
3876,0.0
4304,0.5596155736497916
3999,0.40546507477483473
2419,0.5108242904362132
2632,-0.2513137933618843
5419,0.0
302,-0.1823215234606277
3769,0.0
1972,0.28768173911883643
5171,0.13353135691024676
1107,-0.1823214901273129
3718,0.07410786226377652
2426,0.16251884126253024
830,0.0
1764,0.28768203078512045
650,0.15415067506535252
2538,0.47000212925061113
793,-0.13353138905309336
226,-0.22314345131425384
1958,0.0
3356,0.405464274776568
750,-0.15415065601773748
3726,-0.14310074107664406
4314,-0.4519840847844474
3554,-0.06453843780434632
548,-0.10536051195412455
1535,-0.08004269485302551
2396,0.1823214901273129
4055,0.6931468472267799
3960,0.0
249,0.0
2241,-0.06187539095213168
5281,0.0
1536,0.13353137476738297
559,0.0
4771,0.0
1950,0.0
4564,0.0
5028,1.6094299124820992
1514,0.0
2421,-0.18232139012744142
1355,-0.13353135691024676
2771,0.0
3224,-0.22314305131533452
1377,0.1823214901273129
5423,0.0
338,-0.40546494144156675
1880,0.5108254904326923
1065,-0.22314353464754433
4342,0.0
1019,-0.28768198911847165
1391,-0.5108251793219409
4334,0.0
1575,0.0
3302,3.401158715794578
1660,0.0
1258,-0.22314350131422067
927,1.0986116220018882
3617,-0.1541506322082249
3389,0.0
1884,0.5108254904326923
3251,0.1823215234606277
3154,0.0
3539,0.0
4581,0.0
1775,-0.40546507477483473
1854,0.18232144568291275
3579,-0.1823215234606277
4005,-0.10536050454671653
5364,0.2513143965348785
3832,0.0
992,0.0
4770,0.10536046010230038
4175,0.6931455138974467
3800,0.0
1250,-0.18232155012729123
4800,-0.22314338464766692
5365,-0.40546502477484836
5367,-0.22314305131533452
2289,0.13353135691024676
4597,0.0
5164,-0.1823215234606277
3128,0.0
2515,-0.33647166519362237
1801,0.1823215234606277
3409,-0.405464274776568
1579,0.0
1439,0.0
3505,-0.22314338464766692
253,0.0
2880,-0.1541506322082249
3975,0.14310083851247057
4440,-0.22314305131533452
3007,-0.22314321798137549
2826,-0.24116166720713217
4253,0.0
3777,0.4054648303305797
2719,-0.4700028792469553
488,0.0
1040,0.0
3843,-0.15415020363825604
136,0.0
1500,0.0
729,0.1823215401272904
5390,-0.22314305131533452
379,-0.223143541314208
858,-0.22314352631421208
4533,0.2513137933618843
1680,-0.10536051010227254
3278,-0.4054648303305797
643,0.0
4067,0.22314350131422067
5328,0.0
3132,0.0
2790,0.0
3344,0.5108251793219409
1386,0.06453851697090585
326,0.0
4410,-0.2876804057948359
4555,-0.22314338464766692
3961,0.0
4983,0.2876787391573359
3888,-0.22314305131533452
3304,0.47000355424574813
2102,-0.22314305131533452
674,-0.15415067506535252
191,0.0
982,0.9162906985408235
3523,-0.1335312140533329
4837,0.0
2882,0.18232139012744142
2681,0.0
5162,-0.356674515367823
4416,-0.1053602934360729
2100,-0.5108249571002119
1918,-0.1541506322082249
1201,0.28768198911847165
4251,0.3483066697584114
4688,0.6931421805974445
5086,0.0
3706,0.0
3896,0.0
5283,-0.6931466805603215
1185,0.6931446805693202
186,-0.2006706752601346
2143,-0.40546469144193154
2995,-0.1823208901297324
1754,0.40546507477483473
4574,0.6286080760895985
1446,0.0
1911,0.0
4504,-0.18232139012744142
5464,-0.28768198911847165
1338,-0.13353138905309336
5073,0.0
4478,-0.22314330131449012
1761,0.22314353464754433
1711,-0.22314353464754433
2725,0.5978353643965946
1465,-0.20763935035516923
4940,0.0
1910,-0.1823214901273129
2818,-0.13353135691024676
355,-0.11778300787861262
51,0.0
284,0.0
2587,-0.22314155133220837
4131,0.6931451805659457
285,0.0
5252,0.0
2796,0.0
2244,-0.31015480709176657
1313,-0.10536050454671653
2593,12.611541086966115
768,0.0
4133,-0.18232139012744142
1787,-0.13353137476738297
2884,-0.40546399700014035
2751,-0.28768123912087873
3183,0.2876816557857218
4287,0.11778289676765752
4014,0.0
1773,-0.22314345131425384
4339,0.0
306,-0.10536049343560805
3036,-0.1823208901297324
1670,-0.22314353464754433
1228,-0.22314330131449012
4208,0.0
998,-0.2623642183136532
2748,0.28768190578521313
3197,0.24116166720713217
853,0.1823215534606213
3336,1.7917586358952082
4803,0.0
839,0.0
867,-0.1941560119199508
835,-0.1823215401272904
2871,1.0986089553458882
1658,0.0
1505,1.6739656003241006
525,0.10536051010227254
5098,0.0
2851,-0.2876804057948359
5382,0.0
1155,-0.16251892067424833
3846,0.0
1834,-0.28768190578521313
2641,0.057158381160229865
4338,-0.1941557623404453
1719,0.20067068536114263
4107,0.0
3644,-0.0870113618381172
1445,-0.5108254570993793
2398,0.0
863,-0.10536051343560615
958,-0.3364721223355378
5175,-0.15415066792249732
652,-0.13353138369595285
563,-0.18232155012729123
545,0.0
4870,0.0
1160,-0.4054650803303872
4640,-0.1823215234606277
1843,0.28768198911847165
1662,0.5108255970993234
2852,-0.2876787391573359
1004,-0.40546499699708427
825,-0.22314255131870908
2433,-10.12667110305036
752,0.0
645,-0.1278333660553379
3974,0.11778303287860581
3533,0.47000355424574813
1584,-0.5108254015438671
2969,0.0
4586,-0.1541506322082249
1166,0.47000347924578456
4438,0.1053602934360729
99,0.10536051010227254
5413,-0.2876804057948359
588,-0.26236424139057135
2920,1.098585622712534
407,0.0
1739,-0.09531017525887009
2863,0.22314345131425384
1270,0.0
4717,0.0
2193,0.0
3899,-0.22314255131870908
1716,0.2876820641184459
2779,0.0
4207,-0.4700028792469553
4917,0.22314345131425384
1920,-0.09531017525887009
1259,0.0
3353,0.6931469305600384
4145,0.22314330131449012
101,-0.5108254904326923
884,-0.2876820516184502
2158,0.0
1309,0.6931459305622898
4278,0.0
2482,0.0
3972,0.15415065601773748
4710,0.28768198911847165
5167,-0.06899286672504701
4418,-0.22314338464766692
820,0.0
913,-0.18232154568284287
2689,-0.22314338464766692
1816,0.0
1266,0.0896121560111176
2078,0.0
631,0.0
3327,-0.510822957113545
1551,0.0
474,-0.28768173911883643
347,0.16251888538013937
3343,0.16251884126253024
4826,0.0
2288,0.7339687417471339
4691,0.0
4063,0.9808288363452515
5398,0.0
2744,0.8109274384485818
5190,-0.11778302176749555
4575,-0.2876816557857218
3696,-0.14310079235864137
3549,0.28768203078512045
4811,0.0
9,0.0
265,0.7621392901429314
2907,-0.4700028792469553
5455,-0.2876804057948359
241,-0.40546494144156675
3921,0.0
2467,0.0
4501,0.0
2937,-0.40546469144193154
1083,0.33647217947836516
3055,-0.4054617748026086
1478,0.0
4297,-0.356674515367823
4312,-0.33647109376798845
4049,0.0
3477,0.22314350131422067
3030,-0.2876804057948359
5102,0.0
4810,-0.10536046010230038
5431,0.0
769,0.0
1410,-0.1823214901273129
2171,0.0
1861,-0.22314338464766692
3607,-0.18232122346123347
4749,0.0
4348,0.2876816557857218
1376,1.7917586358952082
1490,0.3483066697584114
1845,-0.22314345131425384
5355,0.0
1976,0.12783331696445366
1571,-0.13353137476738297
910,-0.40546494144156675
861,0.0
4236,0.18232122346123347
1566,-0.2623640336984643
208,0.40546502477484836
3056,0.15415020363825604
5206,0.1823215401272904
819,-0.22314352631421208
5440,-0.40546477477510834
4354,-0.22314345131425384
4754,0.1823214901273129
1639,0.0
246,-0.22314350131422067
1993,0.0
3318,0.0
2875,0.0
2008,0.4700028792469553
4016,0.0
2675,0.0
3066,-0.22314350131422067
5415,-0.28768190578521313
834,0.22314352631421208
1924,0.0
3673,0.0
5248,0.0
36,-0.08004270703251137
4331,0.22314321798137549
3367,0.3483064491703498
661,0.0
4902,0.47000212925061113
5050,-0.22314330131449012
2565,-0.22314330131449012
3634,-0.1053604045468326
4838,0.0
687,0.0
583,0.223143541314208
2834,0.0
5425,-0.15415020363825604
4262,-0.14310074107664406
3795,-0.11778302176749555
1354,0.1823214901273129
560,-0.06453851697090585
3602,-0.2876804057948359
4425,-0.11778289676765752
4658,0.0
1729,-0.28768198911847165
3495,-0.13353103548262268
1501,0.13353135691024676
3595,0.0
4975,0.0
3512,-0.28768198911847165
4086,0.0
727,0.0
723,0.0
4868,0.0
2425,-0.3566740867979572
467,0.09531017525887009
2938,0.0
4400,-0.2876816557857218
4093,-0.1541504417323889
2507,0.0
1928,0.0
1316,-0.08004270126328095
2062,0.0
3072,-0.6931466250048537
966,-0.09531017525887009
2903,-0.28768123912087873
2415,0.0
3323,0.47000347924578456
569,0.0
2397,-0.28768151689730637
4099,0.5108254904326923
1105,0.0
2822,-0.13353135691024676
502,0.0
3862,0.0
2126,0.0
3530,0.0
3556,0.0
2376,-0.28768198911847165
786,1.1631505348057534
1568,-0.5108255348771173
3075,-0.40546507477483473
1897,0.0
1422,-0.22314346798090767
5318,-0.40546444144260896
689,-0.13353138905309336
4180,-0.10536046010230038
4998,0.0
546,0.0
2987,0.0
1056,0.5753640476813562
4719,-0.4054634414484415
4609,-0.13353135691024676
3980,-0.1823214901273129
3875,0.0
4684,0.0
3193,-0.18232122346123347
1607,-0.08701136941387233
68,0.10536050454671653
1284,0.0
282,-0.2231435179808816
4357,0.0
4582,-0.11778300787861262
1874,0.0
3504,-0.10536046010230038
1169,0.4054645525533793
4528,0.0
4529,0.0
720,-0.11778302176749555
789,-0.28768203078512045
3297,-0.1251630645226829
2776,0.22314330131449012
4920,-0.06899284767743552
1050,0.0
2491,-0.08701107396038132
4966,0.0
1916,1.2039716376605334
3086,0.0
4178,-0.22314305131533452
4155,-0.22314305131533452
3401,0.0
1683,-0.2876820557851154
1883,-0.10536046010230038
1023,0.0
3210,0.0
2856,-0.22314255131870908
4951,0.0
3639,-0.0645385003042449
1549,0.1251630645226829
3801,0.0
4741,0.6931466805603215
1562,0.0
3765,0.0
2750,0.7621392901429314
2230,-0.33647217947836516
2802,0.5389963816850951
644,0.0
2249,-0.1823214901273129
551,-0.15415067506535252
3425,-0.22314305131533452
1800,0.0
817,0.0
1280,0.4054650414415093
1018,-0.1823215234606277
1510,-0.15415065601773748
4855,-0.133530678342634
4457,-0.40546477477510834
4812,-0.1541506322082249
2039,-0.33647166519362237
5033,-0.22314330131449012
918,0.0
2546,0.510825357099467
419,0.2876820641184459
2477,0.22314345131425384
4655,0.5877862204580211
2913,0.0
773,-0.15415066792249732
3065,0.0
1663,0.0
3947,0.0
311,-0.1541504417323889
4903,-0.1541506322082249
3147,-0.2623640336984643
2442,-0.2876809613449893
3117,-0.06899284767743552
3877,0.0
3892,-0.06453843780434632
4872,0.0
2073,0.4054634414484415
970,0.0
3096,-0.6931469805600052
5446,-0.28768190578521313
1608,0.1823215401272904
4708,-0.22314345131425384
2163,-0.4700028792469553
445,0.0
2386,0.0
612,-0.24512244595569044
3761,0.0
1100,0.0
4786,0.2231434798856604
4308,0.0
4186,0.6931455138974467
1438,-0.054067206650396216
3588,0.11778300787861262
5215,0.0
5209,0.0
2761,0.0
3027,0.0
871,-0.09531017798614272
1763,0.22314352631421208
274,-0.1823215234606277
593,-0.47000355424574813
2784,0.0
3222,-0.28768123912087873
5058,0.22314330131449012
2214,0.0
125,0.1823215234606277
4118,0.510825357099467
4935,0.0
2846,0.0
3886,0.0
5152,0.0
5250,0.0
2914,-0.18232022347040022
2762,0.0
2079,0.0
2152,0.22314345131425384
1778,2.5257263443113604
11,0.0
1949,-0.18232139012744142
2598,0.37469288126046507
2957,0.0
2881,-0.1823208901297324
3305,-0.10536049343560805
4881,0.0
3813,-0.11778289676765752
4892,-0.22314305131533452
3756,-0.1053604045468326
3794,0.22314352631421208
3331,0.47000212925061113
1279,0.0
3339,-0.24512233726009747
4044,0.11778302871193702
2525,0.28768190578521313
3101,-0.09531016162251049
3464,0.06899286672504701
3383,1.3862643618698698
247,0.0
2715,0.5389959054952644
3441,0.0
160,-0.22314350131422067
2899,0.0
369,-0.15415067506535252
3107,0.0
456,-0.1823215401272904
3240,0.28768123912087873
2548,-0.1541504417323889
4536,0.0
5067,0.0
5315,0.0
2434,-0.08338157415645675
864,0.18232155012729123
2411,0.28768190578521313
5391,-0.33647166519362237
630,0.09531017525887009
3351,-0.28768173911883643
1502,0.0
2625,0.0
3040,0.1823208901297324
3860,-0.10536049343560805
1131,0.4054650803303872
1368,0.0
3537,-0.22314330131449012
4703,0.5108249571002119
2672,0.0
2165,0.0
2033,0.1823214901273129
5133,-0.22314338464766692
2885,-0.18232122346123347
3231,0.0
158,-0.15415056077973155
519,-0.40546444144260896
288,-0.22314352631421208
1956,0.0
5088,0.0
5003,-0.2876816557857218
2307,-0.2623642183136532
4753,-0.4054617748026086
3627,0.0
3760,0.5108254904326923
3284,-0.10536049343560805
3608,0.0
3548,1.0986121220014713
4384,-0.2876804057948359
511,0.0
2812,-0.22314321798137549
872,0.0
651,0.0
441,0.0
5184,-0.1823214901273129
3221,0.18232122346123347
2060,0.40546469144193154
2685,0.0
611,0.0
2090,-0.3364721223355378
4191,0.0
3203,0.0
2362,0.0
5272,-0.1541504417323889
1622,-0.1823215345717344
1211,-0.28768190578521313
340,-0.40546494144156675
959,0.0
1029,0.40546502477484836
1766,0.0
3258,0.0
1758,-0.1823214901273129
3964,-0.1335312140533329
3347,0.0
1224,0.4054648303305797
4234,-0.22314345131425384
522,-0.14310083338426338
1567,-0.15415056077973155
4673,0.34484014315481915
1248,-0.24116204707662803
159,-0.1823215401272904
298,0.0
515,0.2876820557851154
1966,0.0
5112,0.5108249571002119
3138,0.6931421805974445
5243,0.0
229,-0.15415056077973155
3764,-0.22314352631421208
1833,0.0
224,-0.22314350131422067
2604,-0.18232139012744142
175,-0.06899286672504701
214,0.0
3648,0.0
4769,0.0
5100,0.13353103548262268
1999,0.8873031109672969
3598,0.0
397,0.13353138905309336
1087,-0.22314345131425384
1442,-0.16251891185071798
5046,0.4700028792469553
5352,0.0
142,0.0
408,-0.13353138905309336
3850,0.0
1203,0.4700035792457413
1027,0.0
5294,-0.18232150917491907
3033,-0.28768173911883643
792,0.0
3419,0.2876804057948359
3953,-0.1823215401272904
2428,-0.14310074107664406
5059,0.0
1695,-0.18232139012744142
4097,0.40546477477510834
3942,0.0
3817,0.0
2815,-0.22314305131533452
1285,-0.22314353464754433
2925,0.0
1864,1.6094371124345805
2300,-0.0645385003042449
182,-0.13353135691024676
3601,0.40546469144193154
385,0.0
5042,-0.10536049343560805
4494,-0.18232139012744142
1187,0.0
4623,0.0
3574,-0.24116166720713217
2493,0.47000312924627785
4730,-0.22314350131422067
3521,0.18232144568291275
3315,-0.6931421805974445
2188,-0.28768123912087873
845,0.0
3120,-0.2876804057948359
3051,-0.13353103548262268
1752,0.6286080760895985
2646,-0.40546469144193154
2178,0.1823208901297324
330,0.0
4945,0.0
2524,0.0
5433,0.0
962,-0.1541506322082249
3440,-0.28768123912087873
3587,0.0
1182,0.6931469805600052
2021,-0.1823214901273129
4399,-0.18232122346123347
2026,-0.40546494144156675
3775,-0.18232139012744142
684,-0.47000347924578456
2162,-0.22314330131449012
936,0.0
4766,-0.22314305131533452
4078,0.0
118,-0.28768190578521313
3442,0.40546469144193154
2430,0.33647166519362237
3897,-0.14310074107664406
3652,0.09531016162251049
5087,-0.22314338464766692
1409,-0.06453851697090585
1192,0.1823215401272904
4417,-0.22314255131870908
1353,-0.223143541314208
1715,-0.22314350131422067
1866,-0.22314345131425384
3667,-0.15415056077973155
1495,0.4307828891693788
3026,-0.22314255131870908
2933,0.0
692,-0.11778302871193702
1812,0.0
1616,0.22314354631421196
1759,-0.18232154568284287
912,0.0
4474,-0.4054617748026086
732,-0.2876816557857218
4377,0.0
585,0.0
5015,0.1541506322082249
4446,-0.22314305131533452
725,-0.15415066792249732
1067,-0.13353137476738297
4452,0.0
1341,0.4054651014414965
2568,1.0704408640826717
5408,-0.11778275787926162
3079,-0.18232144568291275
5182,0.0
5386,-0.28768123912087873
377,-0.06899287053457215
1890,-0.1823215234606277
3485,-0.1823214901273129
2628,-0.5108202904895442
5295,0.0
2787,0.22314338464766692
196,-0.22314353464754433
3093,-0.16251875302737773
3089,0.6931438472432774
5229,-0.1823215234606277
4968,0.0
2766,0.40546477477510834
4127,0.0
2994,0.40546477477510834
2115,0.5389959054952644
3922,0.0
3472,-0.28768203078512045
1381,-0.5877857760146128
1403,0.0
4613,-0.13353135691024676
4773,-0.10536046010230038
153,0.0
2514,-0.4700028792469553
5144,0.33647109376798845
855,0.0
1157,-0.40546502477484836
1425,0.4054650664415025
3967,0.0
5137,0.0
2642,-0.1541497274522019
4263,0.26236424139057135
2708,-0.2876809613449893
514,0.33647217947836516
3069,0.0
1927,-0.18232139012744142
2932,0.28768123912087873
4942,-0.1823214901273129
4865,-0.18232139012744142
4727,-0.22314338464766692
1362,-0.22314345131425384
1318,-0.22314353464754433
2129,0.0
4924,0.6931371807099431
3260,0.4519850198469779
4649,-0.4054634414484415
105,0.22314345131425384
5142,0.0
2164,0.0
2403,0.1823214901273129
1937,0.1541506322082249
3175,0.0
4150,-0.40546477477510834
3122,0.1670540566911427
550,-0.10536051343560615
4206,0.0
4996,-0.22314330131449012
3067,-0.1823214901273129
5049,-0.18232139012744142
4511,0.2876816557857218
3782,-0.10536046010230038
3481,0.1823215234606277
2192,0.0
2958,-0.28768198911847165
4862,-0.33647109376798845
2455,-0.18232022347040022
2760,0.4054650664415025
1070,0.69314701389332
3252,0.0
3445,0.0
2038,0.14310074107664406
1387,0.35667490108159505
1710,0.0
2450,0.0645385003042449
1130,-0.40546494144156675
1751,-0.22314353464754433
779,-0.18232154568284287
1153,-0.1823214901273129
694,-0.0896121560111176
3446,0.11332868102129012
2444,-0.22314255131870908
1133,-0.28768198911847165
5270,-0.1823215234606277
5168,0.0
1614,0.0
3168,0.0
1482,-0.28768203078512045
1863,1.2527626113526242
2782,-0.22314330131449012
1991,0.0
2412,0.0
2124,-0.28768190578521313
4843,0.0
3593,-0.18232144568291275
172,0.0
304,0.0
1933,0.0
3094,0.40546444144260896
500,-0.1431008231278561
1106,0.33647217947836516
897,0.5596157665068517
4335,-0.10536049343560805
1661,0.0
5253,0.0
574,-0.06453851697090585
3854,0.0
1931,0.13353137476738297
2896,0.0
5256,0.0
2463,-10.12667110305036
2219,0.06453843780434632
3115,0.356674515367823
4725,0.22314330131449012
4747,0.9162847319161536
4694,0.33647166519362237
3148,-0.13353103548262268
2388,0.0
2401,0.0
2088,0.0
4374,-0.28768173911883643
953,0.0
4780,-0.22314338464766692
4227,-0.40546469144193154
3462,0.1823215234606277
738,0.11778302871193702
3182,-0.287681794674274
3130,0.0
5025,0.22314330131449012
19,0.0
1792,-0.18232155012729123
2602,0.22314338464766692
1885,-0.18232139012744142
5278,-0.15415065601773748
2982,-0.28768123912087873
3926,-0.31845366293673116
5356,0.0
4639,0.510825357099467
4571,-0.1823214901273129
5257,-0.28768190578521313
4389,-0.405464274776568
3776,-0.28768123912087873
389,0.10536051343560615
4346,0.28768190578521313
4600,-0.2876804057948359
955,0.1690763259503676
71,0.0
4738,0.0
2248,-0.2231434798856604
2817,0.4054634414484415
1066,0.6931470555599688
1900,0.33647217947836516
1289,0.22314354631421196
2423,0.0
3156,0.34484014315481915
2082,0.09531013434980018
3717,-0.22314352631421208
3660,0.0
2910,-0.18232122346123347
5377,-0.22314255131870908
849,-0.1823215401272904
3861,0.08961213190397999
2864,0.0
2971,-0.22314255131870908
1652,0.0
518,0.0
5113,-0.1335312140533329
3397,0.0
5036,-0.10536046010230038
3261,0.3856622925767841
2959,-0.28768123912087873
1624,0.0
885,0.35667490108159505
2516,0.0
3864,0.0
2783,0.0
2010,0.28768201689623574
2543,-0.1541497274522019
4299,0.0
2905,0.0
2711,0.24116127759863737
4699,0.0
4324,-0.10536046010230038
1915,-0.11778289676765752
4549,-0.28768123912087873
1219,0.0
824,-0.10536050454671653
4846,0.5596155736497916
4499,0.0
3241,-0.28768123912087873
217,-0.13353137476738297
150,-0.22314338464766692
2554,0.28768123912087873
3514,0.0
3727,0.28768186411859986
3900,0.0
2204,-0.2876816557857218
4034,0.28768203078512045
2052,0.0
3337,1.041451717970281
2358,-0.15415020363825604
4462,-0.2876820557851154
1488,0.08701137320175079
3242,0.510822957113545
587,0.0
4790,0.0
2294,-0.169076289108272
3831,0.0
1796,0.0
3060,-0.22314305131533452
205,-0.18232139012744142
979,0.0
1122,-0.28768198911847165
2510,-0.22314155133220837
5062,0.0
163,0.0
1846,0.9162902318744468
2468,0.0
4030,0.22314354417135362
2537,-0.18232122346123347
4084,0.0
3189,-0.28768123912087873
4325,-0.13353103548262268
470,0.0
2371,-0.14310074107664406
3636,0.0
2440,-0.4700028792469553
4134,0.40546477477510834
1060,-0.35667485822446743
3423,0.24116166720713217
335,0.0
3907,-0.11778296621197981
1081,0.35667490108159505
4214,0.0
1537,-0.40546499699708427
3808,0.0
667,-0.40546477477510834
2169,0.0
3046,-0.22314255131870908
947,-0.4054650414415093
1198,0.3448404691348692
3142,0.22314345131425384
3110,0.28768190578521313
1222,0.0
3731,0.0
1640,0.28768198911847165
951,0.28768204467400693
1921,-0.22314350131422067
4778,0.0
1857,0.9162901318745753
1340,0.6931470555599688
4111,-0.18232139012744142
2555,0.8266753589119542
1431,-0.1823215234606277
3448,-0.06899286196314414
328,-0.22314345131425384
2051,0.0
4172,0.0
4421,-0.22314305131533452
3493,0.0
1290,0.0
874,-0.22314354631421196
3329,-0.1541504417323889
4606,-0.18232139012744142
2435,-0.22314305131533452
5430,0.0
1294,-0.22314354298087835
16,0.0
542,0.0
5023,0.0
1229,0.18232155012729123
5350,-0.15415065601773748
3600,0.0
1251,-0.24686006918152614
4944,0.22314330131449012
2772,-0.40546477477510834
2264,-0.28768190578521313
1570,-0.2006706752601346
266,-0.35667490108159505
2714,0.0
5096,0.0
2947,0.6931421805974445
753,-0.15415067506535252
5279,0.0
3157,0.2876804057948359
5351,0.0
3025,0.0
1794,0.6931470555599688
97,-0.223143541314208
3745,0.35667485822446743
2956,0.0
3061,0.0
4146,0.0
4916,0.0
1964,-0.1823215234606277
2928,0.0
4195,0.28768190578521313
3814,-0.22314255131870908
4894,0.0
49,-0.22314350131422067
2649,1.6964463197331483
1360,-0.13353135691024676
2013,0.1823215345717344
2736,0.0
4579,-0.28768123912087873
1226,0.38566246198845633
1227,-0.28768190578521313
2936,-0.510822957113545
4187,0.6931466805603215
344,-0.1541506322082249
223,0.40546502477484836
4128,0.28768173911883643
513,0.0
2074,0.510825357099467
4777,0.18232144568291275
3092,-0.2623640336984643
3969,-0.09531013434980018
313,-0.06899284767743552
1742,0.8109300773274644
2547,-0.22314330131449012
2710,-0.33647109376798845
3494,-0.06899284767743552
3561,-0.09531013434980018
54,0.1823215401272904
342,0.0
204,-0.06899282386793537
5000,0.0
4834,0.0
1327,0.07410796940646946
1359,0.0
2684,0.22314305131533452
2926,0.0
2036,-0.5877857760146128
111,-0.22314350131422067
983,0.5108255793215513
2622,0.0
3484,-0.15415065601773748
1339,-0.15415067506535252
5460,0.0
4595,0.0
382,-0.09531017798614272
4976,0.0
1724,-0.1823208901297324
3198,-0.33647166519362237
4598,0.0
801,0.28768201689623574
4027,-0.13353137476738297
2301,0.07410786226377652
4590,-0.22314338464766692
2769,0.1823214901273129
3635,-0.15415020363825604
3963,0.0
5384,0.0
1720,-0.1823215401272904
3209,-0.4054634414484415
3558,0.223143541314208
3127,-0.2513141108209904
2332,-0.06899268101128797
818,0.0
1679,0.0
3983,0.0
3619,0.0
4344,-0.13353103548262268
494,0.40546507477483473
2498,-0.10536046010230038
4877,0.13353137476738297
4333,0.0
5449,0.0
499,0.0
1780,0.1823215234606277
14,0.0
2368,0.356674515367823
4112,0.0
56,0.0
147,-0.13353135691024676
1970,0.0
4628,0.2876804057948359
1343,0.0
1059,0.0
602,0.22314354631421196
2551,0.0
2177,0.2513141108209904
3743,0.2876816557857218
1459,0.0
908,0.0896121560111176
4542,-0.4054634414484415
1830,-0.1823208901297324
1123,0.22314353464754433
4515,0.0
3404,-0.2876804057948359
4931,-0.13353103548262268
1959,-0.28768198911847165
4472,0.0
945,0.22314353464754433
2527,0.40546494144156675
3053,0.0
754,0.0
3146,0.0
3977,0.19415600183591408
2946,-0.40546399700014035
4690,0.0
96,0.0
2443,-0.2006702914225631
4029,0.0
2810,-0.1823214901273129
174,-0.6931470805599602
2282,0.0
1366,-0.4700035792457413
3008,0.0
633,0.11332868102129012
388,-0.18232154568284287
3020,-0.2513137933618843
2492,-0.33647109376798845
5083,-0.10536046010230038
719,0.0
3930,0.0
1269,-0.3364722080497877
986,0.1278333660553379
795,-0.22314352631421208
1237,-0.1823215401272904
3140,0.0
4169,0.0
4290,0.28768190578521313
4680,0.3285039114165542
1286,-0.1823214901273129
2730,-0.1335312140533329
3997,0.40546499699708427
1443,-0.0870113618381172
5040,0.22314305131533452
4149,0.0
4382,-0.13353103548262268
124,0.0
3637,0.0
797,-0.28768173911883643
621,-0.16251892773306764
809,-0.1823214901273129
5207,-0.20067065505811854
1925,-0.10536046010230038
460,-0.28768173911883643
3388,-0.11332864244987739
814,0.15415066792249732
3459,-0.22314352631421208
1889,-0.13353137476738297
891,2.5902665487793826
359,0.0
4077,0.0
444,0.07696103817316668
5208,0.0
5227,0.1823215234606277
1043,0.0
1062,0.0
1692,-0.1541506322082249
4301,0.22314345131425384
3543,0.0
3279,-0.40546469144193154
616,-0.1690763259503676
1453,0.0
1028,2.7725512230366345
1963,0.40546507477483473
3413,0.8266769660449125
3525,-0.08004257946861237
3914,0.0
2250,-0.28768190578521313
169,-0.5877865760132437
4692,0.0
3359,0.0
1609,0.0
699,0.0
2238,0.0
216,-0.1335312140533329
2416,-0.22314330131449012
4323,-0.22314305131533452
4806,0.0
4500,0.0
600,0.13353138816023602
4171,0.4700028792469553
4840,0.5596155736497916
3631,-0.11778296621197981
4521,0.0
3082,0.0
1953,-0.22314345131425384
4087,0.0
1645,0.07410797105481848
3451,-0.10536051010227254
130,0.0
3341,0.06899277624898659
449,-0.22314352631421208
3273,0.0
2465,-10.12667110305036
3918,0.0
411,-0.18232155012729123
1733,0.0
2561,-0.1335312140533329
999,0.15415020363825604
5039,0.0
1306,0.0
1207,0.0
3784,-0.06899286672504701
3772,-0.13353137476738297
2111,0.0
2431,-0.22314305131533452
3950,-0.22314330131449012
816,0.0
1672,-0.5108254904326923
3500,0.3364721223355378
2677,-0.11778275787926162
2682,-0.1541506322082249
4560,0.0
2662,0.0
4960,-0.10536046010230038
3650,-0.1335312140533329
2611,11.51293546492023
94,-0.1278333660553379
3570,-0.10536046010230038
4453,0.18232144568291275
1865,0.0
2377,0.0
2134,0.40546477477510834
4887,0.0
4182,0.6931468472267799
2274,-0.07410796116471197
635,-0.5596156807925858
4230,-0.22314330131449012
2022,0.0
1069,0.0
52,0.0
1214,0.0
3363,0.0
4088,-0.10536046010230038
5251,0.0
5186,-0.18232122346123347
3454,-0.11778302176749555
122,0.0
4367,-0.18232122346123347
1750,0.0
2550,-0.12783331696445366
851,0.0
3355,0.0
875,-0.18232154568284287
991,0.0
4661,0.0
5004,0.0
1943,-0.13353135691024676
2601,0.0
972,0.5877866204576776
3853,-0.22314338464766692
1486,-0.26236424139057135
5445,-0.18232139012744142
2108,-0.09531013434980018
4914,0.0
3460,-0.33647217947836516
4739,0.0
3461,-0.22314353464754433
4161,0.0
887,-0.1823214901273129
1990,0.9162902318744468
301,-0.04082197785359476
3011,-0.2876804057948359
466,0.11332868102129012
2446,-0.22314255131870908
4547,0.0
2353,0.0
1424,0.13353135691024676
2283,-0.1335312140533329
4449,0.18232122346123347
1530,0.0
1762,0.0
2948,-0.2876804057948359
2355,0.0
82,-0.13353135691024676
4319,0.4307826468618572
862,0.09531017798614272
2520,0.0
3686,-0.10536046010230038
2861,-0.26236380292984585
2011,-0.22314345131425384
236,-0.22314305131533452
3661,0.0
4007,0.3566749225101624
4662,-0.1823215234606277
4984,0.0
3155,0.5108251793219409
2934,-0.15415020363825604
1962,0.0
5395,-0.22314338464766692
4535,0.0
3490,-0.10536046010230038
2258,-0.22314255131870908
316,0.0
4635,-0.1823215234606277
2712,-0.31845236748806016
5335,0.0
3987,0.0
1601,0.0
2045,0.22314350131422067
2061,-0.22314345131425384
1245,-0.44183271259650425
3962,-0.07410791720870868
1641,-0.27443678254388004
922,0.0
2472,0.0
578,0.18232154568284287
2544,1.098611177558233
2831,0.0
943,0.0
3798,-0.20067059445210056
4485,0.0
2912,-0.1335312140533329
5240,0.0
4293,-0.40546477477510834
4847,0.13353137476738297
1068,0.0
1936,0.0
3688,-0.10536050454671653
4341,0.28768190578521313
658,-0.10536051343560615
4231,0.0
2198,0.0
2148,0.0
3360,-0.22314255131870908
4473,0.0
1955,-0.13353135691024676
646,0.0
2261,0.0
1748,0.0
4466,0.1823215234606277
383,0.0896121560111176
3880,0.0
4025,0.0
614,-0.11778303287860581
5075,0.0
4209,0.0
2860,0.0
3028,0.0
2028,0.5108254904326923
5344,-0.6931466805603215
2999,0.0
4993,0.1823214901273129
3237,0.2876804057948359
430,0.0
5261,0.0
3038,-0.1823208901297324
2865,0.0
3968,-0.22314338464766692
3984,-0.16705407067715328
4330,0.0
5197,0.0
2069,0.0
5224,0.0
4352,0.0
1941,0.6931468472267799
3266,-0.16251875302737773
4038,0.0
1463,-0.5596155736497916
1684,0.22314354631421196
3564,-0.24685999043155782
649,0.0
3735,0.5108255570993325
2513,0.6931466805603215
2267,-0.4700028792469553
4460,0.0
2044,0.0
3868,0.0
3184,0.0
2504,-0.2513141108209904
641,0.223143541314208
314,0.11778300787861262
4792,0.0
4869,-0.2876816557857218
1784,-0.10536051010227254
4545,0.0
4767,0.0
3576,0.0
5110,-0.28768190578521313
894,-0.15415067506535252
4867,0.0
941,0.18232155012729123
1731,-0.22314353464754433
995,0.35667485822446743
2984,0.0
2922,0.33647166519362237
5065,0.1670540566911427
1472,-0.40546507477483473
1202,0.40546507477483473
2633,0.0
4610,-0.1541506322082249
4646,-0.40545844155260724
2746,-0.06453835447133471
4490,0.0
2983,0.0
4895,-0.22314350131422067
971,0.0
1161,0.0
4484,0.1823214901273129
268,0.0
1659,0.0
1447,-0.47000355424574813
1415,0.405465052552616
1638,-0.18232144568291275
5302,0.0
2429,-0.1335312140533329
3215,0.4054617748026086
1770,-0.1823215234606277
1440,-0.34092649669283936
4915,0.0
3759,0.0
412,-0.1823215234606277
1063,0.18232154568284287
1458,-0.10536046010230038
1011,-1.0296187743244527
3954,-0.13353137476738297
2883,-0.13353103548262268
3526,-0.18232122346123347
3992,0.05129329307176178
2395,-0.4054634414484415
2183,0.28768190578521313
1238,0.1823215234606277
409,0.4054650664415025
882,0.11778302871193702
281,-0.10536050454671653
1303,-0.15415065601773748
402,0.09531017525887009
1980,-0.3001044628207641
4199,0.0
1332,0.0
4918,0.0
735,0.0
2666,-0.2513137933618843
1803,-0.31015491618262914
4759,0.0
1421,-0.1823215234606277
2350,-0.20067059445210056
390,-0.13353138905309336
2853,0.0
4815,-0.18232139012744142
2553,0.0
4908,0.2876816557857218
1736,0.0
